USE KLMVGames;

INSERT INTO Department(departmentID,budget,descrip) VALUES (1,'$557546177.13','Removal of Synthetic Substitute from Upper Bursa and Ligament, Percutaneous Endoscopic Approach');
INSERT INTO Department(departmentID,budget,descrip) VALUES (2,'$449251070.65','Excision of Atrial Septum, Percutaneous Endoscopic Approach');
INSERT INTO Department(departmentID,budget,descrip) VALUES (3,'$536457412.18','Replacement of Right Maxilla with Synthetic Substitute, Percutaneous Approach');
INSERT INTO Department(departmentID,budget,descrip) VALUES (4,'$254945535.73','Replacement of Intracranial Artery with Nonautologous Tissue Substitute, Percutaneous Endoscopic Approach');
INSERT INTO Department(departmentID,budget,descrip) VALUES (5,'$975260631.22','Resection of Right Ulna, Open Approach');
INSERT INTO Department(departmentID,budget,descrip) VALUES (6,'$804474681.94','Dilation of Left Common Carotid Artery, Bifurcation, with Three Drug-eluting Intraluminal Devices, Percutaneous Endoscopic Approach');
INSERT INTO Department(departmentID,budget,descrip) VALUES (7,'$242037186.63','Occlusion of Left Hepatic Duct with Extraluminal Device, Percutaneous Approach');
INSERT INTO Department(departmentID,budget,descrip) VALUES (8,'$75997073.65','Restriction of Right Internal Iliac Artery, Percutaneous Approach');
INSERT INTO Department(departmentID,budget,descrip) VALUES (9,'$214212352.56','Bypass Right Popliteal Artery to Lower Extremity Artery with Autologous Arterial Tissue, Open Approach');
INSERT INTO Department(departmentID,budget,descrip) VALUES (10,'$306995762.86','Removal of Autologous Tissue Substitute from Right Ear, External Approach');
INSERT INTO Department(departmentID,budget,descrip) VALUES (11,'$645832167.44','Removal of Drainage Device from Cisterna Chyli, External Approach');
INSERT INTO Department(departmentID,budget,descrip) VALUES (12,'$460457984.57','Fluoroscopy of Portal and Splanchnic Veins using Low Osmolar Contrast, Guidance');
INSERT INTO Department(departmentID,budget,descrip) VALUES (13,'$46901901.09','Extirpation of Matter from Epiglottis, Via Natural or Artificial Opening');
INSERT INTO Department(departmentID,budget,descrip) VALUES (14,'$924133535.35','Drainage of Left Axillary Artery, Open Approach');
INSERT INTO Department(departmentID,budget,descrip) VALUES (15,'$238215981.55','Dilation of Intracranial Artery, Bifurcation, with Four or More Intraluminal Devices, Percutaneous Endoscopic Approach');
INSERT INTO Department(departmentID,budget,descrip) VALUES (16,'$762727009.51','Division of Peroneal Nerve, Percutaneous Approach');
INSERT INTO Department(departmentID,budget,descrip) VALUES (17,'$102729300.69','Bypass Right External Iliac Artery to Bilateral Femoral Arteries with Autologous Venous Tissue, Percutaneous Endoscopic Approach');
INSERT INTO Department(departmentID,budget,descrip) VALUES (18,'$71325613.97','Extirpation of Matter from Left Lung, Open Approach');
INSERT INTO Department(departmentID,budget,descrip) VALUES (19,'$340184473.16','Insertion of Spacer into Right Tarsal Joint, Percutaneous Approach');
INSERT INTO Department(departmentID,budget,descrip) VALUES (20,'$623085372.16','Removal of External Fixation Device from Left Carpal Joint, External Approach');
INSERT INTO Department(departmentID,budget,descrip) VALUES (21,'$893974257.11','Transfusion of Allogeneic Unspecified Bone Marrow into Central Vein, Percutaneous Approach');
INSERT INTO Department(departmentID,budget,descrip) VALUES (22,'$28982807.99','Isotope Administration to Whole Body using Strontium 89 (Sr-89)');
INSERT INTO Department(departmentID,budget,descrip) VALUES (23,'$93046104.97','Restriction of Bladder with Intraluminal Device, Percutaneous Endoscopic Approach');
INSERT INTO Department(departmentID,budget,descrip) VALUES (24,'$373714140.71','Drainage of Right Lower Arm with Drainage Device, Open Approach');
INSERT INTO Department(departmentID,budget,descrip) VALUES (25,'$20529485.84','Bypass Ascending Colon to Cutaneous with Synthetic Substitute, Percutaneous Approach');
INSERT INTO Department(departmentID,budget,descrip) VALUES (26,'$173599225.08','Repair Right Shoulder Joint, External Approach');
INSERT INTO Department(departmentID,budget,descrip) VALUES (27,'$608318238.15','Restriction of Thorax Lymphatic with Extraluminal Device, Percutaneous Approach');
INSERT INTO Department(departmentID,budget,descrip) VALUES (28,'$960277888.43','Revision of Synthetic Substitute in Lower Extremity Subcutaneous Tissue and Fascia, Open Approach');
INSERT INTO Department(departmentID,budget,descrip) VALUES (29,'$926887791.06','Supplement Nasal Turbinate with Autologous Tissue Substitute, Via Natural or Artificial Opening Endoscopic');
INSERT INTO Department(departmentID,budget,descrip) VALUES (30,'$530876974.65','Planar Nuclear Medicine Imaging of Thyroid Gland using Technetium 99m (Tc-99m)');
INSERT INTO Department(departmentID,budget,descrip) VALUES (31,'$179082527.63','Fusion of Cervical Vertebral Joint with Synthetic Substitute, Posterior Approach, Posterior Column, Percutaneous Endoscopic Approach');
INSERT INTO Department(departmentID,budget,descrip) VALUES (32,'$477158686.55','Dilation of Intracranial Artery, Percutaneous Approach');
INSERT INTO Department(departmentID,budget,descrip) VALUES (33,'$88453911.98','Drainage of Right Lower Arm and Wrist Muscle, Open Approach, Diagnostic');
INSERT INTO Department(departmentID,budget,descrip) VALUES (34,'$61600723.42','Restriction of Right Common Carotid Artery with Intraluminal Device, Percutaneous Endoscopic Approach');
INSERT INTO Department(departmentID,budget,descrip) VALUES (35,'$837471500.91','Resection of Thymus, Open Approach');
INSERT INTO Department(departmentID,budget,descrip) VALUES (36,'$715857726.27','Removal of Intraluminal Device from Heart, Percutaneous Endoscopic Approach');
INSERT INTO Department(departmentID,budget,descrip) VALUES (37,'$322333678.68','Therapeutic Exercise Treatment of Musculoskeletal System - Upper Back / Upper Extremity using Other Equipment');
INSERT INTO Department(departmentID,budget,descrip) VALUES (38,'$571598738.01','Removal of Drainage Device from Ureter, Open Approach');
INSERT INTO Department(departmentID,budget,descrip) VALUES (39,'$485054415.88','Removal of Autologous Tissue Substitute from Right Pelvic Bone, Percutaneous Approach');
INSERT INTO Department(departmentID,budget,descrip) VALUES (40,'$16967448.16','Dilation of Left Radial Artery, Bifurcation, Percutaneous Endoscopic Approach');
INSERT INTO Department(departmentID,budget,descrip) VALUES (41,'$174431219.02','Repair Left Mastoid Sinus, Percutaneous Endoscopic Approach');
INSERT INTO Department(departmentID,budget,descrip) VALUES (42,'$637838757.43','Destruction of Right Hand Bursa and Ligament, Open Approach');
INSERT INTO Department(departmentID,budget,descrip) VALUES (43,'$318524297.52','Supplement Left Hand Muscle with Synthetic Substitute, Open Approach');
INSERT INTO Department(departmentID,budget,descrip) VALUES (44,'$797518183.58','Fluoroscopy of Right Knee');
INSERT INTO Department(departmentID,budget,descrip) VALUES (45,'$234592267.05','Destruction of Bladder Neck, Open Approach');
INSERT INTO Department(departmentID,budget,descrip) VALUES (46,'$957932823.10','Revision of Spacer in Left Wrist Joint, External Approach');
INSERT INTO Department(departmentID,budget,descrip) VALUES (47,'$309588477.37','Computerized Tomography (CT Scan) of Right Kidney using Low Osmolar Contrast, Unenhanced and Enhanced');
INSERT INTO Department(departmentID,budget,descrip) VALUES (48,'$320415600.26','Excision of Right Inferior Parathyroid Gland, Percutaneous Endoscopic Approach');
INSERT INTO Department(departmentID,budget,descrip) VALUES (49,'$310517703.74','Magnetic Resonance Imaging (MRI) of Cervical Spine');
INSERT INTO Department(departmentID,budget,descrip) VALUES (50,'$148741142.85','Revision of Drainage Device in Left Ankle Joint, Open Approach');

INSERT INTO Project(projectCodeName,dueDate,budget) VALUES ('Redhold','1/13/2023','$116285220.95');
INSERT INTO Project(projectCodeName,dueDate,budget) VALUES ('Otcom','2/9/2023','$419379650.10');
INSERT INTO Project(projectCodeName,dueDate,budget) VALUES ('Otcom','4/16/2022','$104083589.14');
INSERT INTO Project(projectCodeName,dueDate,budget) VALUES ('Lotlux','1/14/2023','$88083141.75');
INSERT INTO Project(projectCodeName,dueDate,budget) VALUES ('Voltsillam','3/4/2023','$285567842.33');
INSERT INTO Project(projectCodeName,dueDate,budget) VALUES ('Latlux','2/26/2023','$65823255.36');
INSERT INTO Project(projectCodeName,dueDate,budget) VALUES ('Stim','9/30/2022','$269220445.70');
INSERT INTO Project(projectCodeName,dueDate,budget) VALUES ('Y-find','8/18/2022','$666734092.14');
INSERT INTO Project(projectCodeName,dueDate,budget) VALUES ('Prodder','7/6/2022','$475648342.81');
INSERT INTO Project(projectCodeName,dueDate,budget) VALUES ('Ronstring','1/26/2023','$177707695.12');
INSERT INTO Project(projectCodeName,dueDate,budget) VALUES ('Span','7/15/2022','$620660715.95');
INSERT INTO Project(projectCodeName,dueDate,budget) VALUES ('Cookley','3/5/2023','$93954387.84');
INSERT INTO Project(projectCodeName,dueDate,budget) VALUES ('Asoka','9/6/2022','$378698077.21');
INSERT INTO Project(projectCodeName,dueDate,budget) VALUES ('Latlux','6/30/2022','$792747918.75');
INSERT INTO Project(projectCodeName,dueDate,budget) VALUES ('Bigtax','5/26/2022','$356608076.62');
INSERT INTO Project(projectCodeName,dueDate,budget) VALUES ('Bitchip','7/30/2022','$620408861.72');
INSERT INTO Project(projectCodeName,dueDate,budget) VALUES ('Prodder','7/23/2022','$806028077.35');
INSERT INTO Project(projectCodeName,dueDate,budget) VALUES ('Alphazap','12/9/2022','$297693081.42');
INSERT INTO Project(projectCodeName,dueDate,budget) VALUES ('Regrant','3/4/2023','$475065530.42');
INSERT INTO Project(projectCodeName,dueDate,budget) VALUES ('Matsoft','9/11/2022','$893144902.13');
INSERT INTO Project(projectCodeName,dueDate,budget) VALUES ('Domainer','10/30/2022','$932884738.34');
INSERT INTO Project(projectCodeName,dueDate,budget) VALUES ('Toughjoyfax','10/25/2022','$129708350.68');
INSERT INTO Project(projectCodeName,dueDate,budget) VALUES ('Tempsoft','8/29/2022','$954125028.93');
INSERT INTO Project(projectCodeName,dueDate,budget) VALUES ('Zamit','9/19/2022','$772351605.30');
INSERT INTO Project(projectCodeName,dueDate,budget) VALUES ('Konklux','6/25/2022','$694410564.03');


INSERT INTO Engineer(employeeId,projectCodeName,departmentID,title,f_name,l_name,salary) VALUES (1,'Otcom',12,'Junior Executive','Aleksandr','Sucre','$963345.60');
INSERT INTO Engineer(employeeId,projectCodeName,departmentID,title,f_name,l_name,salary) VALUES (2,'Matsoft',21,'Speech Pathologist','Vivia','Partner','$629937.84');
INSERT INTO Engineer(employeeId,projectCodeName,departmentID,title,f_name,l_name,salary) VALUES (3,'Lotlux',4,'GIS Technical Architect','Allin','Reboulet','$382891.44');
INSERT INTO Engineer(employeeId,projectCodeName,departmentID,title,f_name,l_name,salary) VALUES (4,'Prodder',9,'Web Designer II','Winifred','Brundrett','$769085.92');
INSERT INTO Engineer(employeeId,projectCodeName,departmentID,title,f_name,l_name,salary) VALUES (5,'Redhold',22,'Human Resources Manager','Celene','O''Lynn','$598827.93');
INSERT INTO Engineer(employeeId,projectCodeName,departmentID,title,f_name,l_name,salary) VALUES (6,'Bigtax',43,'Senior Financial Analyst','Malachi','Armor','$561770.50');
INSERT INTO Engineer(employeeId,projectCodeName,departmentID,title,f_name,l_name,salary) VALUES (7,'Cookley',6,'Accountant III','Cissiee','Petticrew','$951272.51');
INSERT INTO Engineer(employeeId,projectCodeName,departmentID,title,f_name,l_name,salary) VALUES (8,'Latlux',14,'Media Manager I','Kenton','Barfoot','$335071.90');
INSERT INTO Engineer(employeeId,projectCodeName,departmentID,title,f_name,l_name,salary) VALUES (9,'Bitchip',42,'GIS Technical Architect','Ara','Hinkes','$82946.12');
INSERT INTO Engineer(employeeId,projectCodeName,departmentID,title,f_name,l_name,salary) VALUES (10,'Matsoft',26,'Recruiting Manager','Tedda','Clare','$671891.52');
INSERT INTO Engineer(employeeId,projectCodeName,departmentID,title,f_name,l_name,salary) VALUES (11,'Cookley',45,'Environmental Tech','Giavani','Schulz','$213343.03');
INSERT INTO Engineer(employeeId,projectCodeName,departmentID,title,f_name,l_name,salary) VALUES (12,'Redhold',31,'Junior Executive','Janella','Mostyn','$341417.92');
INSERT INTO Engineer(employeeId,projectCodeName,departmentID,title,f_name,l_name,salary) VALUES (13,'Latlux',37,'Sales Representative','Mag','Meddick','$299065.40');
INSERT INTO Engineer(employeeId,projectCodeName,departmentID,title,f_name,l_name,salary) VALUES (14,'Bitchip',36,'Design Engineer','Scarface','McNirlan','$509654.40');
INSERT INTO Engineer(employeeId,projectCodeName,departmentID,title,f_name,l_name,salary) VALUES (15,'Tempsoft',47,'Social Worker','Dasie','Maud','$437844.01');
INSERT INTO Engineer(employeeId,projectCodeName,departmentID,title,f_name,l_name,salary) VALUES (16,'Prodder',38,'Analyst Programmer','Tawsha','Stegers','$710357.36');
INSERT INTO Engineer(employeeId,projectCodeName,departmentID,title,f_name,l_name,salary) VALUES (17,'Zamit',19,'Senior Sales Associate','Hew','Sellack','$858078.02');
INSERT INTO Engineer(employeeId,projectCodeName,departmentID,title,f_name,l_name,salary) VALUES (18,'Bigtax',15,'Developer I','Gilbertine','Rosenblatt','$563687.24');
INSERT INTO Engineer(employeeId,projectCodeName,departmentID,title,f_name,l_name,salary) VALUES (19,'Otcom',23,'Tax Accountant','Kenn','Durning','$837909.76');
INSERT INTO Engineer(employeeId,projectCodeName,departmentID,title,f_name,l_name,salary) VALUES (20,'Span',39,'Sales Associate','Ivette','Buckenhill','$446610.95');
INSERT INTO Engineer(employeeId,projectCodeName,departmentID,title,f_name,l_name,salary) VALUES (21,'Bitchip',13,'Director of Sales','Bertrand','Meagher','$380771.71');
INSERT INTO Engineer(employeeId,projectCodeName,departmentID,title,f_name,l_name,salary) VALUES (22,'Voltsillam',3,'Research Assistant II','Nicolea','Barbosa','$912540.52');
INSERT INTO Engineer(employeeId,projectCodeName,departmentID,title,f_name,l_name,salary) VALUES (23,'Latlux',1,'Engineer I','Lilian','Shallow','$417869.21');
INSERT INTO Engineer(employeeId,projectCodeName,departmentID,title,f_name,l_name,salary) VALUES (24,'Cookley',37,'GIS Technical Architect','Paddie','Jepp','$591101.98');
INSERT INTO Engineer(employeeId,projectCodeName,departmentID,title,f_name,l_name,salary) VALUES (25,'Span',48,'Programmer III','Fred','Hoffner','$486974.79');
INSERT INTO Engineer(employeeId,projectCodeName,departmentID,title,f_name,l_name,salary) VALUES (26,'Alphazap',12,'Senior Financial Analyst','Allan','Laise','$308340.79');
INSERT INTO Engineer(employeeId,projectCodeName,departmentID,title,f_name,l_name,salary) VALUES (27,'Toughjoyfax',35,'Director of Sales','Netti','Issacof','$481581.41');
INSERT INTO Engineer(employeeId,projectCodeName,departmentID,title,f_name,l_name,salary) VALUES (28,'Y-find',6,'Sales Representative','Melesa','Espinola','$358063.81');
INSERT INTO Engineer(employeeId,projectCodeName,departmentID,title,f_name,l_name,salary) VALUES (29,'Asoka',22,'Director of Sales','Gardner','Matzkaitis','$501619.21');
INSERT INTO Engineer(employeeId,projectCodeName,departmentID,title,f_name,l_name,salary) VALUES (30,'Konklux',37,'Assistant Media Planner','Cherise','Fardo','$315804.98');
INSERT INTO Engineer(employeeId,projectCodeName,departmentID,title,f_name,l_name,salary) VALUES (31,'Alphazap',11,'Electrical Engineer','Godard','O''Kinedy','$699341.91');
INSERT INTO Engineer(employeeId,projectCodeName,departmentID,title,f_name,l_name,salary) VALUES (32,'Ronstring',32,'Senior Editor','Adlai','Sline','$356719.78');
INSERT INTO Engineer(employeeId,projectCodeName,departmentID,title,f_name,l_name,salary) VALUES (33,'Latlux',23,'Research Assistant IV','Waly','Longcake','$510974.27');
INSERT INTO Engineer(employeeId,projectCodeName,departmentID,title,f_name,l_name,salary) VALUES (34,'Lotlux',3,'Compensation Analyst','Ryley','Stooders','$641149.38');
INSERT INTO Engineer(employeeId,projectCodeName,departmentID,title,f_name,l_name,salary) VALUES (35,'Cookley',39,'Safety Technician IV','Frederico','Thunders','$216518.64');
INSERT INTO Engineer(employeeId,projectCodeName,departmentID,title,f_name,l_name,salary) VALUES (36,'Ronstring',35,'Nurse Practicioner','Ivar','Amsberger','$100923.90');
INSERT INTO Engineer(employeeId,projectCodeName,departmentID,title,f_name,l_name,salary) VALUES (37,'Konklux',11,'Senior Developer','Humfrid','di Rocca','$836491.34');
INSERT INTO Engineer(employeeId,projectCodeName,departmentID,title,f_name,l_name,salary) VALUES (38,'Regrant',3,'Junior Executive','Jase','Shipway','$388388.67');
INSERT INTO Engineer(employeeId,projectCodeName,departmentID,title,f_name,l_name,salary) VALUES (39,'Matsoft',42,'Financial Analyst','Vanessa','Cocher','$401886.62');
INSERT INTO Engineer(employeeId,projectCodeName,departmentID,title,f_name,l_name,salary) VALUES (40,'Otcom',12,'Budget/Accounting Analyst I','Dimitri','Coffin','$702390.31');
INSERT INTO Engineer(employeeId,projectCodeName,departmentID,title,f_name,l_name,salary) VALUES (41,'Ronstring',3,'Senior Quality Engineer','Rob','Loftie','$19772.56');
INSERT INTO Engineer(employeeId,projectCodeName,departmentID,title,f_name,l_name,salary) VALUES (42,'Redhold',2,'Professor','Nicky','Kerfut','$752615.54');
INSERT INTO Engineer(employeeId,projectCodeName,departmentID,title,f_name,l_name,salary) VALUES (43,'Alphazap',30,'Geologist III','Luelle','Bourdis','$355978.75');
INSERT INTO Engineer(employeeId,projectCodeName,departmentID,title,f_name,l_name,salary) VALUES (44,'Span',44,'Recruiting Manager','Riannon','Gower','$711245.39');
INSERT INTO Engineer(employeeId,projectCodeName,departmentID,title,f_name,l_name,salary) VALUES (45,'Tempsoft',23,'Analog Circuit Design manager','Tully','Raeside','$470889.22');
INSERT INTO Engineer(employeeId,projectCodeName,departmentID,title,f_name,l_name,salary) VALUES (46,'Stim',42,'Assistant Professor','Jillane','Musslewhite','$586172.42');
INSERT INTO Engineer(employeeId,projectCodeName,departmentID,title,f_name,l_name,salary) VALUES (47,'Latlux',33,'Structural Engineer','Monika','Crippin','$315518.57');
INSERT INTO Engineer(employeeId,projectCodeName,departmentID,title,f_name,l_name,salary) VALUES (48,'Cookley',48,'Recruiting Manager','Gaynor','Scole','$320109.88');
INSERT INTO Engineer(employeeId,projectCodeName,departmentID,title,f_name,l_name,salary) VALUES (49,'Lotlux',31,'Speech Pathologist','Petra','Augustus','$697011.03');
INSERT INTO Engineer(employeeId,projectCodeName,departmentID,title,f_name,l_name,salary) VALUES (50,'Alphazap',35,'Clinical Specialist','Rudie','Threadgall','$55707.75');
INSERT INTO Engineer(employeeId,projectCodeName,departmentID,title,f_name,l_name,salary) VALUES (51,'Otcom',35,'Financial Analyst','Vivyanne','Bragge','$543750.70');
INSERT INTO Engineer(employeeId,projectCodeName,departmentID,title,f_name,l_name,salary) VALUES (52,'Redhold',46,'Senior Developer','Klaus','Grouer','$319449.23');
INSERT INTO Engineer(employeeId,projectCodeName,departmentID,title,f_name,l_name,salary) VALUES (53,'Cookley',27,'Registered Nurse','Zorana','Boerder','$386717.92');
INSERT INTO Engineer(employeeId,projectCodeName,departmentID,title,f_name,l_name,salary) VALUES (54,'Ronstring',18,'Librarian','Dora','Bratton','$228108.01');
INSERT INTO Engineer(employeeId,projectCodeName,departmentID,title,f_name,l_name,salary) VALUES (55,'Prodder',5,'Pharmacist','Dominique','Thorby','$78227.09');
INSERT INTO Engineer(employeeId,projectCodeName,departmentID,title,f_name,l_name,salary) VALUES (56,'Asoka',16,'Staff Accountant I','Radcliffe','Aish','$240788.20');
INSERT INTO Engineer(employeeId,projectCodeName,departmentID,title,f_name,l_name,salary) VALUES (57,'Prodder',1,'Paralegal','Shoshanna','Winsbury','$252947.71');
INSERT INTO Engineer(employeeId,projectCodeName,departmentID,title,f_name,l_name,salary) VALUES (58,'Regrant',38,'Human Resources Manager','Randi','McMorran','$784004.04');
INSERT INTO Engineer(employeeId,projectCodeName,departmentID,title,f_name,l_name,salary) VALUES (59,'Bitchip',35,'Payment Adjustment Coordinator','Jessie','Peaple','$317071.92');
INSERT INTO Engineer(employeeId,projectCodeName,departmentID,title,f_name,l_name,salary) VALUES (60,'Tempsoft',37,'Registered Nurse','Ilyssa','Leishman','$467576.57');
INSERT INTO Engineer(employeeId,projectCodeName,departmentID,title,f_name,l_name,salary) VALUES (61,'Redhold',14,'Administrative Assistant IV','Dukey','Spyby','$614518.68');
INSERT INTO Engineer(employeeId,projectCodeName,departmentID,title,f_name,l_name,salary) VALUES (62,'Zamit',19,'Health Coach III','Aimil','Kells','$357613.04');
INSERT INTO Engineer(employeeId,projectCodeName,departmentID,title,f_name,l_name,salary) VALUES (63,'Latlux',13,'Recruiter','Maighdiln','Spere','$993146.76');
INSERT INTO Engineer(employeeId,projectCodeName,departmentID,title,f_name,l_name,salary) VALUES (64,'Prodder',21,'Software Consultant','Elaina','Jellico','$992869.69');
INSERT INTO Engineer(employeeId,projectCodeName,departmentID,title,f_name,l_name,salary) VALUES (65,'Otcom',1,'VP Sales','Dimitri','Clemenzi','$21289.46');
INSERT INTO Engineer(employeeId,projectCodeName,departmentID,title,f_name,l_name,salary) VALUES (66,'Bitchip',33,'Food Chemist','Waverly','Malster','$480068.08');
INSERT INTO Engineer(employeeId,projectCodeName,departmentID,title,f_name,l_name,salary) VALUES (67,'Cookley',18,'Actuary','Yves','Dockrill','$718010.58');
INSERT INTO Engineer(employeeId,projectCodeName,departmentID,title,f_name,l_name,salary) VALUES (68,'Domainer',23,'Senior Financial Analyst','Evonne','Hartup','$707978.91');
INSERT INTO Engineer(employeeId,projectCodeName,departmentID,title,f_name,l_name,salary) VALUES (69,'Stim',4,'Chief Design Engineer','Allissa','Burgwyn','$524667.75');
INSERT INTO Engineer(employeeId,projectCodeName,departmentID,title,f_name,l_name,salary) VALUES (70,'Tempsoft',8,'Actuary','Wright','Deane','$265514.69');
INSERT INTO Engineer(employeeId,projectCodeName,departmentID,title,f_name,l_name,salary) VALUES (71,'Prodder',44,'Senior Sales Associate','Almeda','Riddiough','$658300.71');
INSERT INTO Engineer(employeeId,projectCodeName,departmentID,title,f_name,l_name,salary) VALUES (72,'Bitchip',7,'Speech Pathologist','Noellyn','Dimbleby','$721426.98');
INSERT INTO Engineer(employeeId,projectCodeName,departmentID,title,f_name,l_name,salary) VALUES (73,'Span',9,'Office Assistant III','Gregor','Pionter','$294332.60');
INSERT INTO Engineer(employeeId,projectCodeName,departmentID,title,f_name,l_name,salary) VALUES (74,'Ronstring',48,'Assistant Media Planner','Bernardina','Luke','$769930.60');
INSERT INTO Engineer(employeeId,projectCodeName,departmentID,title,f_name,l_name,salary) VALUES (75,'Konklux',36,'Marketing Manager','Leonardo','Stille','$112466.36');
INSERT INTO Engineer(employeeId,projectCodeName,departmentID,title,f_name,l_name,salary) VALUES (76,'Matsoft',30,'Senior Developer','Orren','Growy','$423099.16');
INSERT INTO Engineer(employeeId,projectCodeName,departmentID,title,f_name,l_name,salary) VALUES (77,'Ronstring',44,'Structural Engineer','Augustin','Reskelly','$427215.56');
INSERT INTO Engineer(employeeId,projectCodeName,departmentID,title,f_name,l_name,salary) VALUES (78,'Konklux',21,'Geological Engineer','Ashlie','Dudbridge','$982226.68');
INSERT INTO Engineer(employeeId,projectCodeName,departmentID,title,f_name,l_name,salary) VALUES (79,'Domainer',40,'Teacher','Randy','Crompton','$248277.04');
INSERT INTO Engineer(employeeId,projectCodeName,departmentID,title,f_name,l_name,salary) VALUES (80,'Toughjoyfax',19,'Geological Engineer','Rodge','Jost','$978512.87');
INSERT INTO Engineer(employeeId,projectCodeName,departmentID,title,f_name,l_name,salary) VALUES (81,'Konklux',5,'Occupational Therapist','Martainn','Burhouse','$667045.16');
INSERT INTO Engineer(employeeId,projectCodeName,departmentID,title,f_name,l_name,salary) VALUES (82,'Lotlux',21,'Administrative Officer','Samara','Dougill','$562147.44');
INSERT INTO Engineer(employeeId,projectCodeName,departmentID,title,f_name,l_name,salary) VALUES (83,'Otcom',43,'Actuary','Robbert','Shearwood','$969671.00');
INSERT INTO Engineer(employeeId,projectCodeName,departmentID,title,f_name,l_name,salary) VALUES (84,'Matsoft',23,'General Manager','Viviene','Laminman','$582236.22');
INSERT INTO Engineer(employeeId,projectCodeName,departmentID,title,f_name,l_name,salary) VALUES (85,'Ronstring',9,'Developer III','Ethelyn','McOwen','$290606.30');
INSERT INTO Engineer(employeeId,projectCodeName,departmentID,title,f_name,l_name,salary) VALUES (86,'Domainer',33,'Assistant Manager','Gabie','Clapton','$393402.11');
INSERT INTO Engineer(employeeId,projectCodeName,departmentID,title,f_name,l_name,salary) VALUES (87,'Bigtax',19,'Administrative Officer','Zollie','Kirkland','$179776.06');
INSERT INTO Engineer(employeeId,projectCodeName,departmentID,title,f_name,l_name,salary) VALUES (88,'Matsoft',22,'Marketing Assistant','Sullivan','De Rechter','$892041.42');
INSERT INTO Engineer(employeeId,projectCodeName,departmentID,title,f_name,l_name,salary) VALUES (89,'Tempsoft',20,'Data Coordinator','Cletus','Springtorpe','$868639.08');
INSERT INTO Engineer(employeeId,projectCodeName,departmentID,title,f_name,l_name,salary) VALUES (90,'Zamit',48,'Sales Representative','Eddie','Collumbine','$869142.85');
INSERT INTO Engineer(employeeId,projectCodeName,departmentID,title,f_name,l_name,salary) VALUES (91,'Y-find',1,'Staff Accountant I','Gris','Millyard','$695266.02');
INSERT INTO Engineer(employeeId,projectCodeName,departmentID,title,f_name,l_name,salary) VALUES (92,'Asoka',23,'Community Outreach Specialist','Marius','Ropkes','$821188.92');
INSERT INTO Engineer(employeeId,projectCodeName,departmentID,title,f_name,l_name,salary) VALUES (93,'Konklux',12,'Research Associate','Star','D''Almeida','$379339.75');
INSERT INTO Engineer(employeeId,projectCodeName,departmentID,title,f_name,l_name,salary) VALUES (94,'Tempsoft',25,'Quality Control Specialist','Bradford','Jori','$989600.05');
INSERT INTO Engineer(employeeId,projectCodeName,departmentID,title,f_name,l_name,salary) VALUES (95,'Stim',37,'Account Coordinator','Saba','Gilbard','$372585.79');
INSERT INTO Engineer(employeeId,projectCodeName,departmentID,title,f_name,l_name,salary) VALUES (96,'Latlux',30,'Structural Engineer','Hugues','Baff','$110974.84');
INSERT INTO Engineer(employeeId,projectCodeName,departmentID,title,f_name,l_name,salary) VALUES (97,'Stim',28,'Nurse','Catherin','MacCahee','$286219.57');
INSERT INTO Engineer(employeeId,projectCodeName,departmentID,title,f_name,l_name,salary) VALUES (98,'Prodder',25,'Human Resources Assistant II','Kaitlin','Pauncefort','$955955.22');
INSERT INTO Engineer(employeeId,projectCodeName,departmentID,title,f_name,l_name,salary) VALUES (99,'Matsoft',27,'Analyst Programmer','Walsh','Halsworth','$16051.06');
INSERT INTO Engineer(employeeId,projectCodeName,departmentID,title,f_name,l_name,salary) VALUES (100,'Bigtax',48,'Professor','Zia','Adel','$127454.94');

INSERT INTO BackgroundCheck(employeeId,isFelon,isAdaEligible,isVeteran,SSN) VALUES (67,'false','false','true','583-91-6721');
INSERT INTO BackgroundCheck(employeeId,isFelon,isAdaEligible,isVeteran,SSN) VALUES (60,'false','true','false','598-65-1747');
INSERT INTO BackgroundCheck(employeeId,isFelon,isAdaEligible,isVeteran,SSN) VALUES (54,'true','true','true','552-74-6377');
INSERT INTO BackgroundCheck(employeeId,isFelon,isAdaEligible,isVeteran,SSN) VALUES (45,'true','false','false','499-74-9921');
INSERT INTO BackgroundCheck(employeeId,isFelon,isAdaEligible,isVeteran,SSN) VALUES (84,'true','false','false','596-14-6663');
INSERT INTO BackgroundCheck(employeeId,isFelon,isAdaEligible,isVeteran,SSN) VALUES (23,'false','false','true','601-80-2626');
INSERT INTO BackgroundCheck(employeeId,isFelon,isAdaEligible,isVeteran,SSN) VALUES (59,'true','true','true','503-78-3995');
INSERT INTO BackgroundCheck(employeeId,isFelon,isAdaEligible,isVeteran,SSN) VALUES (21,'true','true','true','418-99-5225');
INSERT INTO BackgroundCheck(employeeId,isFelon,isAdaEligible,isVeteran,SSN) VALUES (51,'false','false','false','507-56-3159');
INSERT INTO BackgroundCheck(employeeId,isFelon,isAdaEligible,isVeteran,SSN) VALUES (18,'true','true','true','540-18-6873');
INSERT INTO BackgroundCheck(employeeId,isFelon,isAdaEligible,isVeteran,SSN) VALUES (52,'false','false','false','718-92-8725');
INSERT INTO BackgroundCheck(employeeId,isFelon,isAdaEligible,isVeteran,SSN) VALUES (31,'false','true','false','745-62-2226');
INSERT INTO BackgroundCheck(employeeId,isFelon,isAdaEligible,isVeteran,SSN) VALUES (5,'false','false','true','645-86-5338');
INSERT INTO BackgroundCheck(employeeId,isFelon,isAdaEligible,isVeteran,SSN) VALUES (11,'false','false','false','726-68-7538');
INSERT INTO BackgroundCheck(employeeId,isFelon,isAdaEligible,isVeteran,SSN) VALUES (92,'true','true','false','159-71-7692');
INSERT INTO BackgroundCheck(employeeId,isFelon,isAdaEligible,isVeteran,SSN) VALUES (28,'false','false','true','253-78-7691');
INSERT INTO BackgroundCheck(employeeId,isFelon,isAdaEligible,isVeteran,SSN) VALUES (48,'false','true','true','670-78-0584');
INSERT INTO BackgroundCheck(employeeId,isFelon,isAdaEligible,isVeteran,SSN) VALUES (85,'false','true','false','177-45-4176');
INSERT INTO BackgroundCheck(employeeId,isFelon,isAdaEligible,isVeteran,SSN) VALUES (69,'false','false','false','512-83-9543');
INSERT INTO BackgroundCheck(employeeId,isFelon,isAdaEligible,isVeteran,SSN) VALUES (87,'true','true','false','522-59-2038');
INSERT INTO BackgroundCheck(employeeId,isFelon,isAdaEligible,isVeteran,SSN) VALUES (9,'false','false','false','875-55-4359');
INSERT INTO BackgroundCheck(employeeId,isFelon,isAdaEligible,isVeteran,SSN) VALUES (74,'false','false','false','626-77-9204');
INSERT INTO BackgroundCheck(employeeId,isFelon,isAdaEligible,isVeteran,SSN) VALUES (73,'true','false','false','584-23-7005');
INSERT INTO BackgroundCheck(employeeId,isFelon,isAdaEligible,isVeteran,SSN) VALUES (92,'true','false','false','814-91-0638');
INSERT INTO BackgroundCheck(employeeId,isFelon,isAdaEligible,isVeteran,SSN) VALUES (24,'true','true','true','414-13-7652');
INSERT INTO BackgroundCheck(employeeId,isFelon,isAdaEligible,isVeteran,SSN) VALUES (75,'true','false','false','226-81-5999');
INSERT INTO BackgroundCheck(employeeId,isFelon,isAdaEligible,isVeteran,SSN) VALUES (82,'false','true','true','795-50-0054');
INSERT INTO BackgroundCheck(employeeId,isFelon,isAdaEligible,isVeteran,SSN) VALUES (8,'false','true','false','378-82-2700');
INSERT INTO BackgroundCheck(employeeId,isFelon,isAdaEligible,isVeteran,SSN) VALUES (98,'false','false','true','730-22-4510');
INSERT INTO BackgroundCheck(employeeId,isFelon,isAdaEligible,isVeteran,SSN) VALUES (66,'false','false','true','191-82-2222');
INSERT INTO BackgroundCheck(employeeId,isFelon,isAdaEligible,isVeteran,SSN) VALUES (92,'true','false','false','431-88-4074');
INSERT INTO BackgroundCheck(employeeId,isFelon,isAdaEligible,isVeteran,SSN) VALUES (79,'false','false','false','679-11-7855');
INSERT INTO BackgroundCheck(employeeId,isFelon,isAdaEligible,isVeteran,SSN) VALUES (20,'false','true','true','703-87-0687');
INSERT INTO BackgroundCheck(employeeId,isFelon,isAdaEligible,isVeteran,SSN) VALUES (80,'false','true','true','386-46-0949');
INSERT INTO BackgroundCheck(employeeId,isFelon,isAdaEligible,isVeteran,SSN) VALUES (36,'true','false','false','645-38-9040');
INSERT INTO BackgroundCheck(employeeId,isFelon,isAdaEligible,isVeteran,SSN) VALUES (34,'true','false','false','664-02-4775');
INSERT INTO BackgroundCheck(employeeId,isFelon,isAdaEligible,isVeteran,SSN) VALUES (89,'true','false','false','831-20-8388');
INSERT INTO BackgroundCheck(employeeId,isFelon,isAdaEligible,isVeteran,SSN) VALUES (48,'false','true','false','275-88-0458');
INSERT INTO BackgroundCheck(employeeId,isFelon,isAdaEligible,isVeteran,SSN) VALUES (28,'false','false','false','678-73-3351');
INSERT INTO BackgroundCheck(employeeId,isFelon,isAdaEligible,isVeteran,SSN) VALUES (55,'false','true','true','300-49-3549');
INSERT INTO BackgroundCheck(employeeId,isFelon,isAdaEligible,isVeteran,SSN) VALUES (55,'false','true','false','881-08-3860');
INSERT INTO BackgroundCheck(employeeId,isFelon,isAdaEligible,isVeteran,SSN) VALUES (64,'true','true','false','149-45-9005');
INSERT INTO BackgroundCheck(employeeId,isFelon,isAdaEligible,isVeteran,SSN) VALUES (21,'false','true','true','150-94-7221');
INSERT INTO BackgroundCheck(employeeId,isFelon,isAdaEligible,isVeteran,SSN) VALUES (42,'false','true','false','799-43-0912');
INSERT INTO BackgroundCheck(employeeId,isFelon,isAdaEligible,isVeteran,SSN) VALUES (11,'false','true','true','230-15-6542');
INSERT INTO BackgroundCheck(employeeId,isFelon,isAdaEligible,isVeteran,SSN) VALUES (36,'true','true','true','194-48-3514');
INSERT INTO BackgroundCheck(employeeId,isFelon,isAdaEligible,isVeteran,SSN) VALUES (66,'false','true','false','795-44-4324');
INSERT INTO BackgroundCheck(employeeId,isFelon,isAdaEligible,isVeteran,SSN) VALUES (15,'false','true','true','371-19-5635');
INSERT INTO BackgroundCheck(employeeId,isFelon,isAdaEligible,isVeteran,SSN) VALUES (53,'true','true','false','858-61-1625');
INSERT INTO BackgroundCheck(employeeId,isFelon,isAdaEligible,isVeteran,SSN) VALUES (94,'true','false','false','746-35-3362');
INSERT INTO BackgroundCheck(employeeId,isFelon,isAdaEligible,isVeteran,SSN) VALUES (64,'true','true','true','794-84-4249');
INSERT INTO BackgroundCheck(employeeId,isFelon,isAdaEligible,isVeteran,SSN) VALUES (10,'true','false','true','719-44-9958');
INSERT INTO BackgroundCheck(employeeId,isFelon,isAdaEligible,isVeteran,SSN) VALUES (45,'false','true','false','831-76-4779');
INSERT INTO BackgroundCheck(employeeId,isFelon,isAdaEligible,isVeteran,SSN) VALUES (18,'false','true','true','357-25-8715');
INSERT INTO BackgroundCheck(employeeId,isFelon,isAdaEligible,isVeteran,SSN) VALUES (54,'true','false','true','875-47-1910');
INSERT INTO BackgroundCheck(employeeId,isFelon,isAdaEligible,isVeteran,SSN) VALUES (65,'true','true','true','336-79-4483');
INSERT INTO BackgroundCheck(employeeId,isFelon,isAdaEligible,isVeteran,SSN) VALUES (11,'false','false','false','812-45-4802');
INSERT INTO BackgroundCheck(employeeId,isFelon,isAdaEligible,isVeteran,SSN) VALUES (90,'false','false','false','100-74-1751');
INSERT INTO BackgroundCheck(employeeId,isFelon,isAdaEligible,isVeteran,SSN) VALUES (76,'true','false','true','128-86-6744');
INSERT INTO BackgroundCheck(employeeId,isFelon,isAdaEligible,isVeteran,SSN) VALUES (22,'true','false','false','386-57-7447');
INSERT INTO BackgroundCheck(employeeId,isFelon,isAdaEligible,isVeteran,SSN) VALUES (39,'false','false','true','827-03-6696');
INSERT INTO BackgroundCheck(employeeId,isFelon,isAdaEligible,isVeteran,SSN) VALUES (56,'false','false','false','797-61-0603');
INSERT INTO BackgroundCheck(employeeId,isFelon,isAdaEligible,isVeteran,SSN) VALUES (58,'true','true','true','152-57-4513');
INSERT INTO BackgroundCheck(employeeId,isFelon,isAdaEligible,isVeteran,SSN) VALUES (55,'true','false','false','438-22-1445');
INSERT INTO BackgroundCheck(employeeId,isFelon,isAdaEligible,isVeteran,SSN) VALUES (6,'true','false','true','438-17-6014');
INSERT INTO BackgroundCheck(employeeId,isFelon,isAdaEligible,isVeteran,SSN) VALUES (71,'true','false','false','409-98-9442');
INSERT INTO BackgroundCheck(employeeId,isFelon,isAdaEligible,isVeteran,SSN) VALUES (94,'false','true','false','665-60-7041');
INSERT INTO BackgroundCheck(employeeId,isFelon,isAdaEligible,isVeteran,SSN) VALUES (80,'true','false','false','800-14-5681');
INSERT INTO BackgroundCheck(employeeId,isFelon,isAdaEligible,isVeteran,SSN) VALUES (87,'false','true','true','733-77-3294');
INSERT INTO BackgroundCheck(employeeId,isFelon,isAdaEligible,isVeteran,SSN) VALUES (24,'false','false','true','390-79-7872');
INSERT INTO BackgroundCheck(employeeId,isFelon,isAdaEligible,isVeteran,SSN) VALUES (49,'false','true','true','135-23-6805');
INSERT INTO BackgroundCheck(employeeId,isFelon,isAdaEligible,isVeteran,SSN) VALUES (44,'true','true','true','577-45-2343');
INSERT INTO BackgroundCheck(employeeId,isFelon,isAdaEligible,isVeteran,SSN) VALUES (94,'false','false','true','543-87-6701');
INSERT INTO BackgroundCheck(employeeId,isFelon,isAdaEligible,isVeteran,SSN) VALUES (69,'false','false','true','488-03-4519');
INSERT INTO BackgroundCheck(employeeId,isFelon,isAdaEligible,isVeteran,SSN) VALUES (3,'false','false','true','710-82-2841');
INSERT INTO BackgroundCheck(employeeId,isFelon,isAdaEligible,isVeteran,SSN) VALUES (72,'false','false','false','478-61-1738');
INSERT INTO BackgroundCheck(employeeId,isFelon,isAdaEligible,isVeteran,SSN) VALUES (28,'false','true','true','507-70-1209');
INSERT INTO BackgroundCheck(employeeId,isFelon,isAdaEligible,isVeteran,SSN) VALUES (19,'true','true','false','788-09-8763');
INSERT INTO BackgroundCheck(employeeId,isFelon,isAdaEligible,isVeteran,SSN) VALUES (85,'true','false','true','644-37-3032');
INSERT INTO BackgroundCheck(employeeId,isFelon,isAdaEligible,isVeteran,SSN) VALUES (15,'true','false','true','276-74-2725');
INSERT INTO BackgroundCheck(employeeId,isFelon,isAdaEligible,isVeteran,SSN) VALUES (73,'false','true','false','779-17-1796');
INSERT INTO BackgroundCheck(employeeId,isFelon,isAdaEligible,isVeteran,SSN) VALUES (87,'true','false','false','627-81-0864');
INSERT INTO BackgroundCheck(employeeId,isFelon,isAdaEligible,isVeteran,SSN) VALUES (49,'true','false','false','752-14-6255');
INSERT INTO BackgroundCheck(employeeId,isFelon,isAdaEligible,isVeteran,SSN) VALUES (70,'false','true','true','722-86-5973');
INSERT INTO BackgroundCheck(employeeId,isFelon,isAdaEligible,isVeteran,SSN) VALUES (29,'false','false','false','813-59-7783');
INSERT INTO BackgroundCheck(employeeId,isFelon,isAdaEligible,isVeteran,SSN) VALUES (30,'true','false','true','665-27-1610');
INSERT INTO BackgroundCheck(employeeId,isFelon,isAdaEligible,isVeteran,SSN) VALUES (4,'false','false','true','448-16-5888');
INSERT INTO BackgroundCheck(employeeId,isFelon,isAdaEligible,isVeteran,SSN) VALUES (62,'true','false','true','791-69-6600');
INSERT INTO BackgroundCheck(employeeId,isFelon,isAdaEligible,isVeteran,SSN) VALUES (82,'true','true','true','756-38-0122');
INSERT INTO BackgroundCheck(employeeId,isFelon,isAdaEligible,isVeteran,SSN) VALUES (57,'true','true','true','122-46-9088');
INSERT INTO BackgroundCheck(employeeId,isFelon,isAdaEligible,isVeteran,SSN) VALUES (64,'true','true','false','510-85-8085');
INSERT INTO BackgroundCheck(employeeId,isFelon,isAdaEligible,isVeteran,SSN) VALUES (34,'false','false','true','494-69-2213');
INSERT INTO BackgroundCheck(employeeId,isFelon,isAdaEligible,isVeteran,SSN) VALUES (90,'false','true','true','521-49-4978');
INSERT INTO BackgroundCheck(employeeId,isFelon,isAdaEligible,isVeteran,SSN) VALUES (82,'true','false','true','219-17-0714');
INSERT INTO BackgroundCheck(employeeId,isFelon,isAdaEligible,isVeteran,SSN) VALUES (8,'true','false','true','131-06-2339');
INSERT INTO BackgroundCheck(employeeId,isFelon,isAdaEligible,isVeteran,SSN) VALUES (33,'true','true','true','795-30-2230');
INSERT INTO BackgroundCheck(employeeId,isFelon,isAdaEligible,isVeteran,SSN) VALUES (97,'false','false','true','203-80-9342');
INSERT INTO BackgroundCheck(employeeId,isFelon,isAdaEligible,isVeteran,SSN) VALUES (6,'true','false','true','226-38-4270');
INSERT INTO BackgroundCheck(employeeId,isFelon,isAdaEligible,isVeteran,SSN) VALUES (75,'true','true','true','832-76-5951');
INSERT INTO BackgroundCheck(employeeId,isFelon,isAdaEligible,isVeteran,SSN) VALUES (72,'true','true','true','183-50-8471');